,co_volume,cv_volume,sentiment,sentiment_ste
2017-01-02,2257,0,-15.414700125340966,0.8712847501196705
2017-01-03,574,0,-11.48115047940832,1.7473741905668145
2017-01-04,559,0,-9.02400446899552,1.6474106145475138
2017-01-05,595,0,-8.930672268907564,1.8876374632073423
2017-01-06,564,0,-12.541195260610152,1.9224835210701305
2017-01-07,2232,0,-14.819303888060686,0.8355913230257284
2017-01-08,394,0,-17.635372946286655,2.1058287774999873
2017-01-09,588,0,-14.231053532524115,1.6877709843822926
2017-01-10,1536,0,-12.163073936597442,1.0449282952313323
2017-01-11,2683,0,-14.085868357943795,0.7467235535437627
2017-01-12,2395,0,-12.412632974349867,0.8030834884428063
2017-01-13,540,0,-18.80962995623489,1.6705345005460404
2017-01-14,554,0,-12.474679101484156,1.7048876426278934
2017-01-15,1868,0,-15.547717946748707,0.9255887642776487
2017-01-16,550,0,-12.827760430219445,1.7652862459446548
2017-01-17,2850,0,-11.563071405499898,0.759536708654914
2017-01-18,534,0,-12.063603531300162,1.7984853591889753
2017-01-19,2372,0,-9.323443433338936,0.858976291350941
2017-01-20,484,0,-8.007763586275983,1.9345554533878695
2017-01-21,1548,0,-11.465823958556518,1.064800849692063
2017-01-22,428,0,-10.81451194184839,2.119835773277161
2017-01-23,3268,0,-14.003941631941855,0.7029526967283878
2017-01-24,612,0,-18.287859544826755,1.6255747013691564
2017-01-25,542,0,-7.4215930674264,1.7827921901952717
2017-01-27,290,0,1.6871921182266005,2.4820545172316852
2017-01-28,447,0,-2.1135613081921805,2.11763075661321
2017-01-30,2080,0,-7.689818810217525,0.8952895667995776
2017-01-31,2169,0,-11.679257779950587,0.864543814885151
2017-02-01,2191,0,-13.726972526567494,0.8182875893910656
2017-02-02,2261,0,-15.26132720444522,0.8378045036503977
2017-02-03,474,0,-9.998441480999622,1.8683594402511887
2017-02-04,1644,0,-13.300329874662298,1.01555322174254
2017-02-05,1397,0,-6.637645533145192,1.16843102911061
2017-02-06,2293,0,-3.258576071344051,0.8532624637376682
2017-02-07,2321,0,-9.386943519303648,0.832013740977796
2017-02-08,1708,0,-11.74010304622032,0.9860654389940477
2017-02-09,2259,0,-13.986187783047566,0.7952182352527519
2017-02-10,3394,0,-16.01148048128522,0.6161923216960683
2017-02-11,1363,0,-15.137615700555237,1.150485357649685
2017-02-12,1475,0,-10.672098730915318,1.0594351526837447
2017-02-13,2148,0,-11.3997740493631,0.8214507086343991
2017-02-14,2074,0,-8.738990383186524,0.8507058275283005
2017-02-15,1499,0,-14.16844593659064,1.03670466910894
2017-02-16,2358,0,-14.58254194588314,0.8519870363008608
2017-02-17,2288,0,-14.531321301880377,0.8413581599185217
2017-02-18,1955,0,-16.360757695379196,0.8850289580426888
2017-02-19,1253,0,-8.066448164104413,1.0424783944295146
2017-02-20,1868,0,-7.418439945987751,0.9116643564262598
2017-02-21,2234,0,-4.565586435691498,0.7937329164764697
2017-02-22,2079,0,-4.986939286922422,0.8824930765729448
2017-02-23,594,0,-11.789013866469457,1.5803317254799099
2017-02-24,2175,0,-14.405324120613864,0.8769995326201602
2017-02-25,17,0,-23.52941176470588,9.699195557553617
2017-02-26,1123,0,-6.9997037617131275,1.2460477410183004
2017-02-27,815,0,-8.558527340278678,1.519493894239012
2017-02-28,1188,0,-16.34974106738995,1.230123474714098
2017-03-01,2022,0,-12.154586137268195,0.9757736132827075
2017-03-02,2074,0,-11.094779332818405,0.9363137806660871
2017-03-03,2045,0,-12.274045690711405,0.923566360909848
2017-03-04,1644,0,-5.864307128970699,1.051720124469721
2017-03-05,768,0,-5.5821631169522625,1.6163829487861188
2017-03-06,943,0,-10.759920759216003,1.313023558756481
2017-03-07,986,0,-15.23387563931527,1.30609972867953
2017-03-08,3042,0,-18.65755436840614,0.704340727796715
2017-03-09,2582,0,-19.72670243789558,0.8345376388427034
2017-03-10,2146,0,-15.158563454413631,0.9385113030599145
2017-03-11,1396,0,-14.656610422495712,1.15565036813686
2017-03-12,1386,0,-10.710572296983448,1.192090829387165
2017-03-13,2707,0,-7.683675232196786,0.7585699947872063
2017-03-14,2690,0,-7.908847068342991,0.7717524676602067
2017-03-15,2698,0,-13.4952600340331,0.7437961494213657
2017-03-16,566,0,-11.243898262449498,1.6656084511542133
2017-03-17,789,0,-16.75439901328226,1.501268702695247
2017-03-18,1786,0,-15.275312099538343,0.9115174689133343
2017-03-19,1941,0,-9.846082247921348,0.9465014674309441
2017-03-20,2347,0,-10.250086433257877,0.872054382341323
2017-03-21,2244,0,-6.785193324078148,0.8399908601980872
2017-03-22,2217,0,-8.44284391808429,0.8164942795563205
2017-03-23,1953,0,-8.101139595740019,0.9007686647693721
2017-03-24,1855,0,-6.166965026049148,0.9378509683538875
2017-03-25,1345,0,-9.919788203702039,1.1285873183408726
2017-03-26,1534,0,-8.42400129441202,1.047414845368494
2017-03-27,1968,0,-5.527357590621112,0.8621910944056739
2017-03-28,2793,0,-14.068384499862177,0.7722451276604685
2017-03-29,2940,0,-18.886063858973554,0.7836012832041825
2017-03-30,2924,0,-14.221080782608581,0.7540888017470424
2017-03-31,2571,0,-18.167062577293212,0.791407954196343
2017-04-01,1624,0,-15.055131918835379,1.0250064772454759
2017-04-02,2184,0,-14.84480408609632,0.8751646209478157
2017-04-03,2582,0,-15.477850321514424,0.7614107345909076
2017-04-04,2675,0,-15.12682693417961,0.7610855328758228
2017-04-05,2879,0,-15.701698283259613,0.7257712099807587
2017-04-06,4099,0,-15.28543640397107,0.5860290276669234
2017-04-07,3327,0,-13.108942449925642,0.6655587878039039
2017-04-08,2313,0,-8.290090602806766,0.8103041050284288
2017-04-09,2156,0,-12.124841643825942,0.8789419542538996
2017-04-10,3013,0,-11.641089124029458,0.7114490186445154
2017-04-11,4095,0,-18.856166706049564,0.5877988616129579
2017-04-12,4296,0,-19.298023712788215,0.5696206317036225
2017-04-13,3736,0,-14.020571361353944,0.6315020957511327
2017-04-14,3561,0,-19.334212288504965,0.6320632590435338
2017-04-15,2154,0,-20.08471486000368,0.8445860598904394
2017-04-16,2332,0,-14.254044003199773,0.808561862490597
2017-04-17,2867,0,-9.209095045361112,0.7290311967203758
2017-04-18,3389,0,-15.651475036084985,0.6626028120989452
2017-04-19,2736,0,-15.123089012257838,0.7523711593383414
2017-04-20,2942,0,-12.048956619100485,0.7096442985857178
2017-04-21,2498,0,-11.099100535129523,0.7899606318418642
2017-04-22,1707,0,-10.617225025006068,1.0297250074973774
2017-04-23,1555,0,-6.625362331795223,1.0242074533923249
2017-04-24,2565,0,-11.473793535634531,0.7818602777205412
2017-04-25,1345,0,-11.707599593588762,1.1649745807454106
2017-04-26,2973,0,-6.30087586378599,0.7629413183391317
2017-04-27,2558,0,-10.831632539759767,0.8308143820790292
2017-04-28,2758,0,-16.547576205645328,0.8109121201342421
2017-04-29,1873,0,-21.25822618123627,1.0041281665950308
2017-04-30,2080,0,-19.61574492361101,0.9347094281309174
2017-05-01,2241,0,-14.631937601351408,0.8612727658150333
2017-05-02,2385,0,-12.305928931389351,0.8165426993908164
2017-05-03,2296,0,-11.54459497927678,0.8393841586511571
2017-05-04,2251,0,-15.015428602687516,0.8418535821619502
2017-05-05,2191,0,-4.975777291885788,0.842491014541907
2017-05-06,2078,0,-13.984431023263335,0.8570716121117885
2017-05-07,2312,0,-11.430245693985789,0.781133099786615
2017-05-08,2614,0,-12.279852623078117,0.7384235959977449
2017-05-09,2411,0,-8.960581450409512,0.8008023234898415
2017-05-10,2020,0,-9.383211211701711,0.9159682905940429
2017-05-11,2222,0,-6.067433304763858,0.8544784987305746
2017-05-12,2945,0,-6.42692658697807,0.6956250247132976
2017-05-13,1801,0,-6.056444451385948,0.9333250612702201
2017-05-14,1988,0,-0.380173634334349,0.9249301787025448
2017-05-15,1851,0,-7.182543049101271,0.9767678530019108
2017-05-16,2204,0,-7.186914140622822,0.9015322418960784
2017-05-17,2081,0,-10.218158326678408,0.9272671554942297
2017-05-18,2114,0,-7.816687985592235,0.85906992567954
2017-05-19,2231,0,-10.335612314921283,0.8331610357426544
2017-05-20,1929,0,-33.26725277497452,1.1664725166121972
2017-05-21,1817,0,-29.596562963943963,1.2193287479704344
2017-05-22,2304,0,-15.483332807246732,0.9826747340508497
2017-05-23,2199,0,-7.593684433429418,0.8935131967204891
2017-05-24,2482,0,-8.994376655672417,0.7680871896730748
2017-05-25,2391,0,-7.097247114736076,0.8086240697439484
2017-05-26,2069,0,-10.443534360202602,0.8708877949150087
2017-05-27,1089,0,-11.33011754203697,1.3619886012808216
2017-05-28,1577,0,-12.034733448414837,1.0836904616775742
2017-05-29,2111,0,-16.02567051442992,0.9025411404416404
2017-05-30,2642,0,-15.379899743974196,0.765636201110084
2017-05-31,3274,0,-16.799944616043454,0.7112827544605178
2017-06-01,4533,0,-18.964571496383282,0.6255659423487288
2017-06-02,3793,0,-21.322249828469957,0.6938887241270542
2017-06-03,2291,0,-17.876331333684988,0.8663401413815448
2017-06-04,1756,0,-14.368022182554574,1.0221469825058693
2017-06-05,2688,0,-10.211169540552607,0.7636290160393555
2017-06-06,2680,0,-13.334538708845244,0.804013853434696
2017-06-07,2355,0,-12.410539788910997,0.8636167138281245
2017-06-08,2106,0,-10.142180539232228,0.9721792213254791
2017-06-09,1811,0,-10.237372688964049,1.0318358542641888
2017-06-10,1471,0,-13.64825995390726,1.1171217650914642
2017-06-11,1516,0,-12.552611643374409,1.1166745251841177
2017-06-12,2128,0,-11.104901551706368,0.900077043704244
2017-06-13,632,0,-16.91946656543175,1.732043495072028
2017-06-14,563,0,-12.088161681594965,1.7887043603473478
2017-06-15,2481,0,-7.958835705051361,0.7813352520830238
2017-06-16,552,0,-9.469194122069297,1.8468408820164757
2017-06-17,1354,0,-8.13351005650932,1.1631050455061234
2017-06-18,1385,0,-8.672163476708553,1.1557592126905103
2017-06-19,2040,0,-7.674940836597548,0.9313223165121824
2017-06-20,3342,0,-14.312393012244002,0.6884649996092914
2017-06-21,2320,0,-9.32168842087323,0.8123792374514955
2017-06-22,1401,0,-24.514958494281803,1.343556165865433
2017-06-23,1287,0,-14.532432864775782,1.2361287911957506
2017-06-24,1952,0,-10.32158141373137,0.8651007461793446
2017-06-25,1086,0,-9.08965130841422,1.3329614710109559
2017-06-26,2379,0,-15.062554544460086,0.8731278176671653
2017-06-27,2328,0,-14.09550986906806,0.903166692162485
2017-06-28,2594,0,-16.07248948182548,0.8951715531480164
2017-06-29,2381,0,-12.454355904734337,0.856355671627297
2017-06-30,2386,0,-15.734590289290384,0.8705363083055676
2017-07-01,1871,0,-20.945046917017592,1.0602832913009081
2017-07-02,1901,0,-11.582442619054083,0.9124978327774255
2017-07-03,2663,0,-16.82593393747649,0.7723719328438069
2017-07-04,2751,0,-19.561443273944143,0.7573201490285717
2017-07-05,3905,0,-18.071160331723384,0.650013234903123
2017-07-06,2987,0,-13.748721487288234,0.7485214088636487
2017-07-07,2424,0,-9.125251368714784,0.7999522552414678
2017-07-08,2285,0,-14.89839764185112,0.8519286590066671
2017-07-09,2073,0,-14.919142026529714,0.9431156949223131
2017-07-10,2426,0,-10.947599471846695,0.839233156283176
2017-07-11,2500,0,-15.083587105047236,0.8495428387984356
2017-07-12,2731,0,-9.16833609360448,0.8314489176062438
2017-07-13,3254,0,-18.321610741748835,0.7680011695483477
2017-07-14,720,0,-10.217801157884349,1.6280642810112989
2017-07-15,138,0,-14.347826086956522,3.631836711228252
2017-07-16,1795,0,-10.202977528519904,1.0109206546648168
2017-07-17,1546,0,-16.380545069280437,1.0447037470750848
2017-07-18,1688,0,-12.187301245989662,1.0089166321691438
2017-07-19,586,0,-8.051446562538713,1.6362435735021206
2017-07-20,1552,0,-16.63534984551311,1.0309351247159322
2017-07-21,2688,0,-12.55825833100101,0.7791366140962717
2017-07-22,1770,0,-11.447108552603465,1.0254415618291621
2017-07-23,1619,0,-9.617803451103457,1.0640015135775938
2017-07-24,2360,0,-11.431451781966503,0.8436044678441735
2017-07-25,2319,0,-9.1661011711394,0.8372336068916741
2017-07-26,2280,0,-9.861782536626345,0.8754437931339324
2017-07-27,2281,0,-12.091550020811724,0.8555594725168792
2017-07-28,2117,0,-12.297273964110301,0.8940571759177017
2017-07-29,2809,0,-23.05864475188351,0.7867801840084179
2017-07-30,2892,0,-22.980592105410174,0.7708566046110827
2017-07-31,2951,0,-18.655972183244696,0.7549045923113785
2017-08-01,2774,0,-17.945843303581572,0.7582552484578879
2017-08-02,2805,0,-17.163948464587858,0.748475443885563
2017-08-03,2520,0,-15.094396276778166,0.8282652267938789
2017-08-04,618,0,-16.321449007695964,1.6986057475716747
2017-08-05,1642,0,-15.79322418818167,1.0308540223988802
2017-08-06,2240,0,-17.390867640126785,0.8233454732453127
2017-08-07,2554,0,-14.120186975268048,0.815934508692996
2017-08-08,1272,0,-24.905097744053183,1.0820704655550009
2017-08-09,3156,0,-18.31534830259748,0.7151776858481299
2017-08-10,3173,0,-22.218440432352523,0.6903944028326929
2017-08-11,4068,0,-26.726047790436127,0.5874573585498805
2017-08-12,2611,0,-24.57505108750295,0.7580566980828954
2017-08-13,1740,0,-13.346406871960905,1.0002540896463865
2017-08-14,3063,0,-21.68333493184027,0.69741173401651
2017-08-15,2809,0,-18.37495750695131,0.7798219137344936
2017-08-16,2580,0,-15.751804505783335,0.8178790050343587
2017-08-17,2418,0,-15.945283136757801,0.8454353578945075
2017-08-18,2025,0,-12.036971824012582,0.9041149439279663
2017-08-19,1450,0,-15.265815311248609,1.1085563740422864
2017-08-20,1106,0,-11.05621297505133,1.268487967614533
2017-08-21,2323,0,-12.20774372770614,0.8438813048646299
2017-08-22,2756,0,-16.521497020511806,0.7747380673524292
2017-08-23,2277,0,-11.481407822255335,0.843753287946784
2017-08-24,2192,0,-13.719188988519578,0.8956184367388922
2017-08-25,1976,0,-15.87886031389555,1.0109840899032683
2017-08-26,1242,0,-11.04073034203533,1.2466522548610919
2017-08-27,1401,0,-14.2312116933,1.1308945787131062
2017-08-28,2288,0,-16.63787441968385,0.8584963262347672
2017-08-29,2054,0,-12.003021292590422,0.9052055043594295
2017-08-30,758,0,-6.692890703010825,1.5483013090983897
2017-08-31,2140,0,-10.821118921132356,0.9049621926561933
2017-09-01,1881,0,-8.933007793198488,0.9818321507693486
2017-09-02,1425,0,-9.667673806626903,1.1007460787349808
2017-09-03,3517,0,-26.322909720349667,0.6709173077001447
2017-09-04,3672,0,-23.13858691362388,0.6566327652100556
2017-09-05,3118,0,-21.47058048235632,0.7367006974754026
2017-09-06,2659,0,-14.83508234982833,0.8004767641870802
2017-09-07,2218,0,-12.425056763881456,0.8673210426802977
2017-09-08,2203,0,-12.77404005355938,0.8537572055697473
2017-09-09,1523,0,-12.467480409399156,1.099473167570689
2017-09-10,1774,0,-13.468119316148547,0.9690368463579813
2017-09-11,2664,0,-13.055907273392911,0.7737031737762914
2017-09-12,2331,0,-14.11952072561965,0.8345161881322782
2017-09-13,2545,0,-11.184773939258356,0.8003111672281649
2017-09-14,2731,0,-13.580424733307641,0.7416329240709311
2017-09-15,2350,0,-14.598935401184972,0.8305061488535994
2017-09-16,1599,0,-12.760757078967227,1.0162343808471614
2017-09-17,1634,0,-13.057365511393899,1.0100364926171204
2017-09-18,2182,0,-7.2951635880776955,0.8719817371596531
2017-09-19,2325,0,-12.853061895148766,0.867798986177822
2017-09-20,2083,0,-11.502068766887168,0.9191241293270708
2017-09-21,2691,0,-12.90695192606279,0.7458177618677745
2017-09-22,2421,0,-13.636899603177245,0.8363082533008807
2017-09-23,1857,0,-14.353531783164913,0.8938469033541716
2017-09-24,1452,0,-13.537605827984967,1.1109786989004051
2017-09-25,2094,0,-11.665784950630515,0.8750124798813955
2017-09-26,2412,0,-16.387737499081048,0.8553706291162179
2017-09-27,2084,0,-9.569667905085774,0.9160446707015432
2017-09-28,2264,0,-9.802277530212242,0.8061326408848392
2017-09-29,2190,0,-9.642138066791437,0.8825121447213939
2017-09-30,1571,0,-9.557774597920734,1.052799136737204
2017-10-01,1569,0,-15.412364937352468,1.1029146674053023
2017-10-02,1574,0,-9.741075504098003,1.0588691391110998
2017-10-03,1665,0,-9.274132482798224,1.052838249599774
2017-10-04,1660,0,-11.003595665931485,1.0402506653362615
2017-10-05,559,0,-10.68715906847837,1.722619568261806
2017-10-06,1778,0,-9.09161464162663,0.9760328576922982
2017-10-07,1311,0,-12.41134866345828,1.2325093142127714
2017-10-08,1437,0,-11.176203038909398,1.1454826281415464
2017-10-09,1874,0,-8.563298103323543,0.9876751168953565
2017-10-10,1931,0,-4.1702283492387675,0.9644044463853351
2017-10-11,2004,0,-9.31707432313444,0.9342220613116905
2017-10-12,1947,0,-7.2773195443490115,0.9540224881338417
2017-10-13,2016,0,-10.112813863268704,0.912793245000181
2017-10-14,1467,0,-8.703047896058836,1.1217533494590946
2017-10-15,1590,0,-9.738391931122797,1.0847032529897855
2017-10-16,2068,0,-10.237668803727235,0.89729541621681
2017-10-17,2264,0,-17.232780513309155,0.890535842323795
2017-10-18,2350,0,-9.319974765704691,0.8815317938681932
2017-10-19,2271,0,-7.73379137159734,0.8542497260484184
2017-10-20,1816,0,-9.906221531708363,1.0104164913602727
2017-10-21,1360,0,-8.080643443566144,1.1795965853548478
2017-10-22,1775,0,-8.912802457850667,1.053029153906695
2017-10-23,2389,0,-6.633538576254709,0.8430090581782911
2017-10-24,2558,0,-9.06795233781266,0.8284488371661465
2017-10-25,2627,0,-8.988336787808326,0.8273995773869586
2017-10-26,2212,0,-9.471032343776503,0.8870058627934565
2017-10-27,1940,0,-7.038306863963579,0.9339011454417453
2017-10-28,1416,0,-10.377140078550081,1.0943793872067114
2017-10-29,1433,0,-7.334434270679497,1.083669063072281
2017-10-30,1980,0,-9.032670857240749,0.9807018431469386
2017-10-31,2240,0,-12.060286750090562,0.9065556795980539
2017-11-01,2174,0,-7.688983130374242,0.8996848026680935
2017-11-02,2051,0,-8.559168845770035,0.9023105462950898
2017-11-03,2149,0,-8.72967984517386,0.8814000042094929
2017-11-04,1727,0,-13.39192732597709,1.059737179546499
2017-11-05,1596,0,-12.234572235827205,1.047590532819727
2017-11-06,2031,0,-6.816057934011988,0.9350281001610539
2017-11-07,2753,0,-13.590361764237535,0.7807739826230847
2017-11-08,4694,0,-12.655857786236108,0.5865253431135063
2017-11-09,6194,0,-19.6578274214154,0.5253443500721596
2017-11-10,2796,0,-9.488712468778743,0.8142916761156025
2017-11-11,2693,0,-12.755925364404257,0.8318141270498269
2017-11-12,2436,0,-11.679737954644983,0.8521842516599838
2017-11-13,2872,0,-11.884957584608495,0.7725553850422155
2017-11-14,3694,0,-20.16965808303324,0.6835591365230858
2017-11-15,4667,0,-25.129125559437238,0.6114520637009969
2017-11-16,3414,0,-16.623388161481227,0.7478603045625822
2017-11-17,2455,0,-10.709612316042422,0.8570755756337965
2017-11-18,2241,0,-20.062855385622044,0.9434459840198026
2017-11-19,3611,0,-34.65000983337801,0.7227872231740415
2017-11-20,2294,0,-18.636183517837843,0.9281616159999099
2017-11-21,2997,0,-16.406259681503894,0.7849115261825831
2017-11-22,1506,0,-17.211205555823526,1.1551655859578318
2017-11-23,1923,0,-11.224298731760053,0.9759811881014478
2017-11-24,1949,0,-15.201343699777903,1.0177894385320911
2017-11-25,1849,0,-16.3584643823566,1.0159985967075806
2017-11-26,1986,0,-14.043185866912724,0.9815198919147209
2017-11-27,2237,0,-15.661359362311511,0.9897424764107696
2017-11-28,2843,0,-19.011595063517294,0.815140011658868
2017-11-29,2860,0,-17.59194843148366,0.8083438224603511
2017-11-30,2620,0,-16.413605067521644,0.8132286265166707
2017-12-01,2094,0,-9.236824315534939,0.9419013009335999
2017-12-02,1587,0,-12.192675247674394,1.1096608241815975
2017-12-03,1818,0,-15.019192540703175,1.0671598822628894
2017-12-04,2333,0,-8.462924903605874,0.8942533165575393
2017-12-05,2727,0,-7.230694068097093,0.7927551753120229
2017-12-06,2405,0,-8.60290841403406,0.8523902365470022
2017-12-07,2257,0,-7.943045502893521,0.8555123914388838
2017-12-08,1884,0,-5.5690857582295905,0.9594375204413376
2017-12-09,1510,0,-8.175276564705767,1.1198633419823893
2017-12-10,1529,0,-15.279825874496836,1.1237203972428051
2017-12-11,1965,0,-11.679594732816353,0.9837986452854596
2017-12-12,2249,0,-8.091190118513767,0.9004896462807565
2017-12-13,2192,0,-9.718181091122831,0.9273762069297609
2017-12-14,2116,0,-13.55972356532462,0.9464117487865575
2017-12-15,1745,0,-12.03292506099257,0.9963255172830767
2017-12-16,1374,0,-11.14312019928319,1.156551707891295
2017-12-17,1758,0,-13.092207667512193,1.0362700776492175
2017-12-18,2517,0,-11.773916302882329,0.8381593800972312
2017-12-19,1308,0,-10.90266806219369,1.1764773238180164
2017-12-20,2252,0,-8.460277453506137,0.8792094226950731
2017-12-21,1961,0,-11.307764599262935,0.9426982379527626
2017-12-22,1587,0,-12.739365941715095,1.111989044251835
2017-12-23,1373,0,-8.17655866898499,1.178490307619961
2017-12-24,1447,0,-4.554815289511011,1.1609062727519934
2017-12-25,1536,0,-3.3526587038518905,1.1590030300839973
2017-12-26,2186,0,-13.446198781726132,0.9479622725663568
2017-12-27,2285,0,-14.923074045897094,0.9104461198183003
2017-12-28,3109,0,-24.16376884903915,0.8011822813217803
2017-12-29,2832,0,-22.547126455669492,0.7899062308193937
2017-12-30,1892,0,-14.399320388809958,0.9877263935296399
2017-12-31,1654,0,-10.118691393653014,1.1010318923538527
2018-01-01,1694,0,-11.035927669339712,1.0616140107817615
2018-01-02,1925,0,-15.672765124619966,0.9935874232083484
2018-01-03,2413,0,-11.246698213268349,0.8585948691604793
2018-01-04,2321,0,-8.560199743028782,0.8859369733788043
2018-01-05,2247,0,-7.415578495687582,0.8831773658280352
2018-01-06,1725,0,-9.597794805008178,1.0268548517917766
2018-01-07,2236,0,-8.037317514632024,0.8263409427158374
2018-01-08,2408,0,-4.59238629738488,0.8246489095450958
2018-01-09,2192,0,-6.627305733205259,0.8601573650936325
2018-01-10,2667,0,-13.560485808573262,0.7669128841126733
2018-01-11,2280,0,-13.878534759896002,0.8620420539394028
2018-01-12,2600,0,-12.810357832701886,0.8047877305308392
2018-01-13,1640,0,-10.756368780558066,1.0725355798982001
2018-01-14,1475,0,-12.181901872214901,1.0979738408409205
2018-01-15,1916,0,-13.467798859176058,0.9826419317692761
2018-01-16,2212,0,-24.83989622576579,0.9973681148602698
2018-01-17,2110,0,-20.622566681603978,0.9890314425391267
2018-01-18,2058,0,-14.835410626148263,0.9874547458525219
2018-01-19,2030,0,-15.842799893263566,0.950772068730703
2018-01-20,1735,0,-18.252344649016855,1.0028661420833658
2018-01-21,1570,0,-17.160720385505392,1.1006457717193212
2018-01-22,1769,0,-14.933498857497984,0.9885022803186323
2018-01-23,1876,0,-16.0364473503323,0.9894670981823817
2018-01-24,1668,0,-17.0485296567004,1.1264217338876499
2018-01-25,1547,0,-12.930196199104701,1.1147292727341997
2018-01-26,1506,0,-9.469945724009639,1.1084369356862724
2018-01-27,1235,0,-10.120739781879365,1.2438925448436369
2018-01-28,1344,0,-11.54427254011391,1.1652122123616588
2018-01-29,1384,0,-13.482589550527639,1.1811535062227045
2018-01-30,1411,0,-11.142071896351764,1.1572881144352325
2018-01-31,1184,0,-8.841179432003441,1.2491154183161646
2018-02-01,1343,0,-7.0219744521928975,1.0825402805400932
2018-02-02,1171,0,-12.28245235716922,1.3338203543247122
2018-02-03,974,0,-13.58237710110361,1.4444157443506698
2018-02-04,992,0,-12.16609258018533,1.4070038649329284
2018-02-05,1098,0,-10.717936119783351,1.296233476594731
2018-02-06,514,0,-12.392455685257243,1.9069475404568974
2018-02-07,884,0,-8.595548127861056,1.4110432391319065
2018-02-08,1001,0,-5.5613383838383825,1.2891853130966615
2018-02-09,1042,0,-8.652626855700726,1.2716066896178388
2018-02-10,929,0,-11.882795574875313,1.4501678199011048
2018-02-11,861,0,-7.092334616368564,1.5646720183491079
2018-02-12,441,0,-7.685455134434727,2.1172130290901383
2018-02-13,874,0,-11.604983481865332,1.5227930782472314
2018-02-14,627,0,-7.1431107054110266,1.795411421845406
2018-02-15,401,0,0.6172619047619048,2.1752936391946385
2018-02-16,608,0,-6.080515676891293,1.9218244762133903
2018-02-17,612,0,-10.224746291959406,1.9563979866074783
2018-02-18,807,0,-16.832579853025948,1.4931324316812244
2018-02-19,736,0,-13.155553076550616,1.606978075963057
2018-02-20,634,0,-9.586260371656548,1.7566855519171511
2018-02-21,520,0,-10.483211637710255,1.898712101389535
2018-02-22,644,0,-20.242302986868204,1.852687460117986
2018-02-23,614,0,-18.197137007897595,1.9139212590736638
2018-02-24,569,0,-14.505575117370896,1.8548716055504393
2018-02-25,556,0,-12.789397976672342,1.8186286234951745
2018-02-26,536,0,-14.934653612223705,1.8812561706757391
2018-02-27,529,0,-16.519824470192116,1.8054507053097584
2018-02-28,504,0,-16.617290434692396,1.95625720271691
2018-03-01,468,0,-21.533246845746845,1.9260201849471419
2018-03-02,502,0,-20.84996673320027,1.96697605204234
2018-03-03,512,0,-26.975083978904056,1.7257037290319293
2018-03-04,365,0,-6.729125575279421,2.180961532705343
2018-03-05,340,0,-9.227415966386555,2.2244588570021975
2018-03-06,180,0,-12.912037037037038,2.966258347300365
2018-03-07,767,0,-20.583600260077937,1.5362059827341266
2018-03-08,900,0,-15.939666352166354,1.2824158295420047
2018-03-09,779,0,-16.361780326130848,1.432593495596431
2018-03-10,755,0,-17.28798131188569,1.5433298576368508
2018-03-11,2647,0,-20.96497470410209,0.7649110034049321
2018-03-12,725,0,-16.080726224589515,1.4985039111012992
2018-03-13,755,0,-12.9490272420736,1.4902855956373442
2018-03-14,617,0,-9.965611104184848,1.7551159948414294
2018-03-15,783,0,-14.530404204692632,1.4180810265508212
2018-03-16,711,0,-16.030645007438256,1.54137736031798
2018-03-17,602,0,-9.513548724634326,1.6579449130724166
2018-03-18,635,0,-12.208296078374818,1.670591353960502
2018-03-19,730,0,-12.073958885242234,1.5412591782623029
2018-03-20,2813,0,-15.888186498159993,0.7945925744501415
2018-03-21,899,0,-21.343959618431253,1.3338450768954702
2018-03-22,1123,0,-20.584569778692664,0.9994422146625758
2018-03-23,914,0,-20.32989861938745,1.2853315117141972
2018-03-24,717,0,-15.980029741315802,1.6161122315224443
2018-03-25,783,0,-7.597809391851816,1.4427539596377712
2018-03-26,828,0,-8.727039788103873,1.3398055038056664
2018-03-27,1062,0,-9.966203994710966,1.195160672510266
2018-03-28,847,0,-14.179104334759431,1.3921539921048307
2018-03-29,3066,0,-12.523328787237483,0.7028634117981752
2018-03-30,749,0,-14.628737341352508,1.5247254083553388
2018-03-31,713,0,-12.179308730851508,1.5681050753744434
2018-04-01,210,0,-14.030612244897961,2.2709550744231106
2018-04-02,905,0,-15.897305613066482,1.2499585823189763
2018-04-03,1016,0,-12.2142270701384,1.1490767072935604
2018-04-04,1044,0,-21.10461795082717,1.181784165928549
2018-04-05,5109,0,-20.197386713350927,0.5006726504314395
2018-04-06,1058,0,-21.2230374712619,1.2384334552464944
2018-04-07,864,0,-21.08393076031973,1.376060024845754
2018-04-08,874,0,-12.71805523095661,1.4211974382038453
2018-04-09,973,0,-10.178033454497996,1.3159739300562387
2018-04-10,825,0,-9.413708513708515,1.3972403434329415
2018-04-11,3095,0,-13.774783311658927,0.7201796814628421
2018-04-12,701,0,-12.808801020408161,1.5955307014560827
2018-04-13,657,0,-15.537671655774629,1.616579607476298
2018-04-14,1919,0,-12.427670302914592,0.958047217511727
2018-04-15,619,0,-5.027490306271872,1.656614080208213
2018-04-16,726,0,-9.806063300329923,1.5617681321876427
2018-04-17,745,0,-7.143453302849279,1.4532526746783747
2018-04-18,725,0,-11.300534946943785,1.50814398810888
2018-04-19,667,0,-11.776389484722818,1.5250451729778993
2018-04-20,763,0,-16.57999376373806,1.525238646112781
2018-04-21,583,0,-6.82365216201423,1.6961518140452965
2018-04-22,2014,0,-10.51354325653861,0.9089722603815104
2018-04-23,730,0,-10.191524200296127,1.5069697183161614
2018-04-24,744,0,-5.100034181460829,1.5471134276707754
2018-04-25,726,0,-11.588335906517724,1.5701665278631003
2018-04-26,2731,0,-8.11104693982941,0.7633856235850632
2018-04-27,655,0,-15.84944036832436,1.6373618013138556
2018-04-28,611,0,-10.784422785507648,1.746522351580713
2018-04-29,704,0,-9.004316445452176,1.598116350348591
2018-04-30,792,0,-16.459276359466475,1.4284822433034128
2018-05-01,813,0,-11.17863088804048,1.4556733576169627
2018-05-02,935,0,-13.261200716845876,1.311776069630812
2018-05-03,982,0,-16.617932203989408,1.298597943302422
2018-05-04,876,0,-13.095668442415018,1.374915833095164
2018-05-05,2337,0,-14.676282264968105,0.8751734095561311
2018-05-06,684,0,-12.668687665027342,1.7475904385263217
2018-05-07,751,0,-12.498349349361728,1.5467088407216398
2018-05-08,894,0,-16.47117114709707,1.341635000839236
2018-05-09,780,0,-14.31109168609169,1.5197249981305856
2018-05-10,772,0,-11.304994290001058,1.6198897392465605
2018-05-11,757,0,-7.045354469396743,1.448616273794655
2018-05-12,651,0,-8.975346687211093,1.7286533703772644
2018-05-13,1098,0,-23.176612458745556,1.249979549873497
2018-05-14,1122,0,-23.36520337301587,1.221936939138494
2018-05-15,1144,0,-28.430255823721733,1.2182467536416048
2018-05-16,849,0,-20.305938826256853,1.4387633345693303
2018-05-17,3811,0,-19.25727436847618,0.6891706124443348
2018-05-18,880,0,-16.133753233836654,1.468145787293703
2018-05-19,941,0,-11.034550377005212,1.3304057312783264
2018-05-20,831,0,-14.378470427173685,1.3585021794957461
2018-05-21,905,0,-14.547073877265627,1.3136531946196324
2018-05-22,889,0,-14.524332997336373,1.3281806850289204
2018-05-23,3936,0,-15.638419510134083,0.6095368294063255
2018-05-24,852,0,-17.345119474275485,1.4047929610324563
2018-05-25,1084,0,-25.09993989860771,1.281203013345035
2018-05-27,856,0,-20.350616032709198,1.4393952273156847
2018-05-28,892,0,-20.679850885442992,1.4497380302551939
2018-05-29,941,0,-13.988088488714276,1.249922954762937
2018-05-30,825,0,-11.580637544273909,1.4322462583818603
2018-05-31,923,0,-16.084422627264278,1.3362806692228477
2018-06-02,880,0,-21.01730269614971,1.3982559947228639
2018-06-03,798,0,-11.80470998153159,1.534544544189423
2018-06-04,860,0,-23.988544949882158,1.5188479047123704
2018-06-05,1000,0,-27.54433749257279,1.3317991455701421
2018-06-06,3626,0,-19.841271356569408,0.6540879176945809
2018-06-07,894,0,-17.150041817922983,1.4447673264016732
2018-06-08,931,0,-27.33632355979555,1.6834398344409585
2018-06-09,858,0,-21.94540593366869,1.5598852568119306
2018-06-10,972,0,-19.161155202821867,1.3353229507534745
2018-06-11,978,0,-20.752264095822376,1.290883522292565
2018-06-12,1002,0,-20.660519134545112,1.2653730897523665
2018-06-13,915,0,-20.747420681615555,1.3487149871883453
2018-06-14,1049,0,-16.516848556447794,1.18686890103752
2018-06-15,4537,0,-17.24873207739453,0.5374886510825669
2018-06-16,888,0,-16.055592329205258,1.3266299676841222
2018-06-17,722,0,-11.59387613940506,1.531236259831888
2018-06-18,1238,0,-25.738760883370084,0.9923471635845689
2018-06-19,937,0,-24.240772020377285,1.3361340425593968
2018-06-20,899,0,-18.718461072965134,1.3975160643359654
2018-06-21,787,0,-13.085417335734997,1.481570998276932
2018-06-22,932,0,-20.194931658959213,1.3463399568981878
2018-06-23,842,0,-19.21296013268448,1.4712248477605567
2018-06-24,31,0,-6.048387096774194,5.3402687519817125
2018-06-25,905,0,-16.243992808909937,1.280393589212293
2018-06-26,839,0,-16.352625927506597,1.3756388780709092
2018-06-27,838,0,-17.70323061441482,1.473559748919873
2018-06-28,3039,0,-15.856679248061752,0.7373419598709088
2018-06-29,834,0,-13.449370373830805,1.3944537431220438
2018-06-30,797,0,-15.240875644456045,1.5321747145158204
2018-07-01,715,0,-14.420163170163173,1.5787767979101652
2018-07-02,768,0,-10.756570642163862,1.4664102869763689
2018-07-03,99,0,-13.144329896907218,4.321015478073751
2018-07-04,714,0,-15.173069624546418,1.5737491428549804
2018-07-05,1001,0,-16.181728324585468,1.1386121294012552
2018-07-06,1048,0,-18.740050569899672,1.2072231748132578
2018-07-07,2926,0,-19.977605976690125,0.7460345365846964
2018-07-08,715,0,-17.099548152594373,1.5809296966698572
2018-07-09,873,0,-15.423325878652339,1.3439705472111854
2018-07-10,1169,0,-14.006132616376371,1.060304378051963
2018-07-11,889,0,-14.294757419757422,1.3476879690600396
2018-07-12,1706,0,-10.39200706531345,0.9765382874609276
2018-07-13,833,0,-18.362238930659984,1.5144589799079298
2018-07-14,822,0,-19.59887888537523,1.5433957810336578
2018-07-15,877,0,-11.81531749730428,1.3721070042766137
2018-07-16,893,0,-22.21871868467082,1.4528437767454934
2018-07-17,914,0,-21.460710147195215,1.5075841783093114
2018-07-18,637,0,-21.501604578839416,1.6813135437968585
2018-07-19,315,0,-21.87301587301587,2.418719191014668
2018-07-20,1049,0,-23.47289510002078,1.262697239090519
2018-07-21,2698,0,-21.95912361941233,0.7907920716120431
2018-07-22,868,0,-14.083823605161552,1.4344165906241229
2018-07-23,831,0,-14.37974497090021,1.4659002013318747
2018-07-24,3228,0,-17.84003003997147,0.7040667482954972
2018-07-25,990,0,-19.55274355274356,1.3033774627695691
2018-07-26,827,0,-17.787969765533713,1.392685703899906
2018-07-27,31,0,-22.58064516129032,6.491810257257454
2018-07-28,824,0,-14.923226446686705,1.5055267654036066
2018-07-29,813,0,-15.179808493020433,1.5005035785545109
2018-07-30,812,0,-16.117791683026397,1.4408492853417225
2018-07-31,965,0,-13.840865636036979,1.2525527246028025
2018-08-01,956,0,-17.0948865056746,1.376204635414546
2018-08-02,51,0,-26.820728291316527,5.989831109545949
2018-08-03,987,0,-24.937923159807664,1.270635738468603
2018-08-04,1009,0,-25.5914625513238,1.317258701614597
2018-08-05,894,0,-22.477850573488155,1.327569497322202
2018-08-06,1074,0,-25.71892370591282,1.2635993776302157
2018-08-07,965,0,-17.42835397659049,1.2846305841120154
2018-08-09,929,0,-21.972752463054185,1.3564935005182184
2018-08-10,943,0,-25.58131054969759,1.457587468346082
2018-08-11,848,0,-21.26001226937056,1.4512720269884312
2018-08-12,567,0,-15.60482362160808,1.7910217954431353
2018-08-13,839,0,-16.113839694962653,1.5291533001592312
2018-08-14,888,0,-16.060205931073014,1.4295230622351491
2018-08-15,897,0,-16.727853152434164,1.4243808902441215
2018-08-16,936,0,-24.778248396105944,1.4683181561487855
2018-08-17,3734,0,-20.452638690467648,0.6852852868560775
2018-08-18,866,0,-20.80774035635147,1.5165745718453405
2018-08-19,791,0,-14.582254644938345,1.5145572534527512
2018-08-20,754,0,-16.079211581766582,1.5250988888463581
2018-08-21,765,0,-17.4293214430829,1.521147291613115
2018-08-22,771,0,-19.151090298950223,1.601199551020881
2018-08-24,873,0,-17.556412182700846,1.394109825778055
2018-08-25,692,0,-15.890121042153385,1.633161974449554
2018-08-26,679,0,-14.111325177012901,1.6952946337343695
2018-08-27,798,0,-14.3797771061922,1.6648335970721886
2018-08-29,1147,0,-36.625120165146406,1.3600005012933907
2018-08-30,873,0,-23.225013073063533,1.5304201618651962
2018-08-31,797,0,-24.421906610976958,1.6102611031427034
2018-09-01,760,0,-21.858889679233144,1.6128528756565383
2018-09-02,775,0,-16.850838849866083,1.551826654518261
2018-09-03,819,0,-14.94641157538468,1.5265878683616474
2018-09-04,3334,0,-16.542039342775436,0.7466787703344709
2018-09-05,608,0,-14.194664936015844,1.8092267568740832
2018-09-06,2974,0,-15.477343192549936,0.7671020032381027
2018-09-07,932,0,-21.32768325499012,1.3116470758819216
2018-09-08,805,0,-15.272847074153045,1.463174223397519
2018-09-09,819,0,-16.250657820824394,1.4810680825799256
2018-09-10,852,0,-19.697606937923837,1.5728455294529498
2018-09-11,798,0,-14.000029836496003,1.5111077230580432
2018-09-12,756,0,-14.076264059707775,1.6115708132155644
2018-09-13,954,0,-28.816214973088005,1.3976007970589261
2018-09-14,829,0,-23.269333869454492,1.5158255580733533
2018-09-15,856,0,-18.648007949993932,1.4405805539306529
2018-09-16,771,0,-19.28245770658222,1.4777546126816545
2018-09-17,1036,0,-21.968395986253128,1.1817143858361883
2018-09-18,980,0,-24.66215120709502,1.3257604005762749
2018-09-19,879,0,-20.995720244867,1.4375086404048454
2018-09-20,893,0,-20.20834242278811,1.4450044717110655
2018-09-21,962,0,-24.1627574319882,1.4324211049135578
2018-09-22,798,0,-23.047788677487922,1.5539264181460941
2018-09-23,830,0,-17.621263547792005,1.4339925889010376
2018-09-25,968,0,-29.121572871572877,1.4692390835528766
2018-09-26,998,0,-27.5261864581293,1.319999655662747
2018-09-27,3544,0,-24.076064481011258,0.7336627469602283
2018-09-28,854,0,-22.106199479479546,1.542250518173128
2018-09-29,787,0,-23.498710949347892,1.6017019347827817
2018-09-30,843,0,-22.821654790182105,1.388509664840262
2018-10-01,951,0,-17.888526998116042,1.3830004448330613
2018-10-02,901,0,-18.27487155525446,1.3486690513216075
2018-10-03,3198,0,-19.120292975530955,0.7109680230247878
2018-10-04,1084,0,-35.389990363807385,1.3598878390918276
2018-10-05,920,0,-26.575612491373356,1.4033784294041698
2018-10-06,808,0,-24.67356084347931,1.5216622810832074
2018-10-08,898,0,-20.621483086605856,1.4736104940149135
2018-10-09,894,0,-23.07130876394212,1.5400783315455886
2018-10-10,1015,0,-31.979720075851947,1.485764467470305
2018-10-11,976,0,-21.289682539682538,1.4200776283975542
2018-10-12,957,0,-16.957024363210977,1.3935159116120373
2018-10-13,775,0,-17.805845167226487,1.5832949630640636
2018-10-14,794,0,-19.651031970423606,1.5850675846749713
2018-10-15,3043,0,-17.003605406435074,0.7528019837305355
2018-10-16,3168,0,-20.722163265877768,0.7609238764258699
2018-10-17,910,0,-16.2386839351125,1.3879816681383792
2018-10-18,792,0,-9.608864762151738,1.3821401979340553
2018-10-19,863,0,-18.063266489890623,1.4991326274392456
2018-10-20,799,0,-18.05204976727533,1.605723993593201
2018-10-21,788,0,-16.473775236481718,1.4864953946652852
2018-10-22,882,0,-12.841925566849396,1.4544822157605422
2018-10-23,841,0,-11.551889285242435,1.4666167568081478
2018-10-24,1234,0,-23.3986066017316,1.0666336316582157
2018-10-25,995,0,-22.678571428571427,1.3413015214414405
2018-10-26,801,0,-13.96916091087439,1.5160736603181784
2018-10-27,661,0,-12.169082600900783,1.7965762204798224
2018-10-28,699,0,-13.943159181941109,1.6129665432828466
2018-10-29,847,0,-14.769525346448424,1.44359736674922
2018-10-30,879,0,-25.186968416490608,1.5868439979937925
2018-10-31,814,0,-12.043409015148708,1.5348163926853924
2018-11-01,809,0,-23.756831186714344,1.6496592661919502
2018-11-02,3,0,-33.33333333333333,16.666666666666668
2018-11-03,1033,0,-19.597397987866216,1.345857999493626
2018-11-04,676,0,-11.116788493837674,1.6471094645401803
2018-11-05,558,0,-13.570359921347356,1.7453430691434642
2018-11-06,613,0,-11.414912348843831,1.76343373315982
2018-11-07,677,0,-11.200028302554307,1.6866249136835907
2018-11-08,712,0,-9.596216186004918,1.6788459349461813
2018-11-09,778,0,-14.750917732284194,1.5520126379541694
2018-11-10,704,0,-13.360353638131414,1.7186372509776324
2018-11-11,2051,0,-9.388435871482525,0.9827594327297694
2018-11-12,836,0,-13.589609175546677,1.4244689577167813
2018-11-13,790,0,-14.784679719015159,1.55595972069916
2018-11-15,975,0,-11.556514965434598,1.3302798297301976
2018-11-16,1992,0,-12.228872008911864,0.9397261703426946
2018-11-17,1866,0,-14.973670921380503,0.9614273428972564
2018-11-18,758,0,-17.294018920832904,1.572462104236175
2018-11-19,819,0,-14.779840631488984,1.4826355296758436
2018-11-20,880,0,-23.868565944306262,1.5706448291643356
2018-11-21,706,0,-17.08999723591042,1.6005665325284908
2018-11-22,672,0,-15.14953614729399,1.6166904634531325
2018-11-23,880,0,-24.481479973213155,1.489264869137712
2018-11-24,806,0,-17.08784701650706,1.5116764363019048
2018-11-25,2671,0,-18.46111472505967,0.8329490785598357
2018-11-26,975,0,-20.58839493839493,1.3237076633659488
2018-11-27,850,0,-21.20894225947417,1.4186329642164084
2018-11-28,864,0,-22.073677095403625,1.4362175445302103
2018-11-29,4266,0,-22.083352254844666,0.6027522745855396
2018-11-30,863,0,-21.46940809974631,1.534441712711785
2018-12-01,1202,0,-13.597001249023311,1.0919827709058143
2018-12-02,914,0,-15.089785961081242,1.3145337134889408
2018-12-03,978,0,-17.16850926850926,1.226459243614566
2018-12-04,1095,0,-19.94332557803764,1.2419522700789536
2018-12-05,4141,0,-19.906268183798375,0.6413743322534017
2018-12-06,1030,0,-22.978969798035944,1.3287160010707313
2018-12-07,943,0,-17.4756119721582,1.4866568607781645
2018-12-08,798,0,-23.591730950753504,1.6299182142956625
2018-12-09,845,0,-17.67604274441373,1.4672977786383183
2018-12-10,1737,0,-22.357326747865415,1.0125028699225262
2018-12-11,1059,0,-31.323323617941178,1.269418787888745
2018-12-12,967,0,-25.143181449127734,1.32822165241094
2018-12-13,861,0,-17.45179959091483,1.453761959963438
2018-12-14,835,0,-20.166548579318363,1.4713437718795979
2018-12-15,800,0,-17.942447476525484,1.6006027228766675
2018-12-16,792,0,-16.88987582160781,1.5618113692650637
2018-12-17,3956,0,-20.951092463510523,0.6573478853759024
2018-12-18,892,0,-17.464317700007935,1.4684367155566753
2018-12-19,785,0,-17.019151598857114,1.528892238527382
2018-12-20,938,0,-34.39721223872771,1.4598818359099996
2018-12-21,890,0,-25.830674635821698,1.5451322818320337
2018-12-22,956,0,-26.637279125486675,1.5154897137960255
2018-12-23,829,0,-17.20676794868815,1.5732064356928415
2018-12-24,837,0,-7.956370195363951,1.4898552822606355
2018-12-25,752,0,-7.7846705146705135,1.6442135677547198
2018-12-26,860,0,-18.39439960351175,1.4299663565532166
2018-12-27,805,0,-17.614201584239034,1.5598673687545612
2018-12-28,828,0,-15.83315188174523,1.4730607138266356
2018-12-29,3047,0,-17.045924444342127,0.7469114679594222
2018-12-30,514,0,-16.014022670089208,1.889438500689025
2018-12-31,3040,0,-11.545714356071517,0.7852107520147918
2019-01-01,2718,0,-15.793508562854253,0.8186482773255421
2019-01-02,4806,0,-13.077094732886655,0.558307744319607
2019-01-03,6400,0,-9.650106464919185,0.4848906179611977
2019-01-04,3724,0,-12.204468280755677,0.6553876106614567
2019-01-05,1020,0,-16.96024993069328,1.34599232700122
2019-01-06,1020,0,-10.560408675585492,1.2651042233833376
2019-01-07,4185,0,-12.533760385988504,0.6010872144530846
2019-01-08,1956,0,-11.584829462251118,0.9247177701238767
2019-01-09,2250,0,-11.30202954553915,0.8206852532235933
2019-01-10,3202,0,-17.23962309256519,0.7101645831479607
2019-01-11,2030,0,-17.20413480044333,0.9505936951434799
2019-01-12,2745,0,-19.911437136223814,0.8407877045872493
2019-01-13,1827,0,-16.22993615744818,0.9937728206827716
2019-01-14,3451,0,-18.658974618765896,0.6792406943525026
2019-01-15,3388,0,-7.857097587727166,0.7442602077372024
2019-01-16,2533,0,-15.316933521302179,0.8599445278071601
2019-01-17,3119,0,-13.8670181814059,0.7117955213171094
2019-01-18,3498,0,-10.046737537362011,0.6847630753937659
2019-01-19,2455,0,-14.585794009615896,0.852472569655211
2019-01-20,2431,0,-11.529653642566867,0.8618471580004231
2019-01-21,3682,0,-17.204400075536714,0.6703372156927316
2019-01-22,3726,0,-16.307124430768365,0.6736056954304322
2019-01-23,3745,0,-15.268704643366613,0.672099265071702
2019-01-24,3404,0,-16.120699548488076,0.7014406760429777
2019-01-25,2968,0,-15.319923416819293,0.7630172242450894
2019-01-26,2496,0,-16.443752495312957,0.834556507486943
2019-01-27,2655,0,-16.69549767488142,0.8056236703567066
2019-01-28,4668,0,-21.14165921114534,0.5992836781386963
2019-01-29,4184,0,-24.072773578583302,0.6538526843754493
2019-01-30,4165,0,-17.961831238741123,0.65767505260493
2019-01-31,4768,0,-17.428644642810582,0.5870744944367251
2019-02-01,2966,0,-14.940460026803073,0.7817993289245062
2019-02-02,870,0,-15.426187393566149,1.582278045121589
2019-02-03,742,0,-10.339715575788945,1.6937665822984969
2019-02-04,571,0,-1.795148319752889,1.9579451821091536
2019-02-05,1444,0,-9.314265135743275,1.2158746788451458
2019-02-06,884,0,-16.476693241399122,1.5037221481734333
2019-02-07,1058,0,-18.428180615680613,1.3313396056409923
2019-02-08,1557,0,-13.61089006669412,1.0878928203196445
2019-02-09,2143,0,-17.967825055458597,0.9766709269776004
2019-02-10,1127,0,-15.651308094136592,1.3308929981462356
2019-02-11,2314,0,-14.815827060941222,0.8564239321671181
2019-02-12,2720,0,-12.710708259962663,0.780178511770293
2019-02-13,1603,0,-11.922954918985367,1.0274121555061513
2019-02-14,1946,0,-13.133842867222326,0.9381011436626124
2019-02-15,1774,0,-16.56964357158161,0.9917567710000506
2019-02-16,1097,0,-16.51937180019372,1.2655572604684793
2019-02-17,1189,0,-16.107250100464636,1.2901760054216942
2019-02-18,1940,0,-20.848187093041368,0.9744309736712052
2019-02-19,1079,0,-14.905566538097542,1.3198984785013301
2019-02-20,1830,0,-15.100510878941115,1.0373769962177624
2019-02-21,1292,0,-18.731415643180352,1.1898326572849232
2019-02-22,2188,0,-16.612373932289184,0.877123665637527
2019-02-23,2613,0,-21.15637735747748,0.8388008383967397
2019-02-24,2321,0,-16.340776448406796,0.877962778963956
2019-02-25,1813,0,-15.69448197816787,0.9232596499665433
2019-02-26,2599,0,-15.938696861982976,0.7870435114555834
2019-02-27,2690,0,-15.082170947194529,0.8070335825147678
2019-02-28,2307,0,-13.043392723095016,0.8740335568230997
2019-03-01,2438,0,-19.545599233355585,0.8526094533538732
2019-03-02,1039,0,-21.434673472816158,1.4119656808306362
2019-03-03,1299,0,-13.384786704400156,1.1774453307470116
2019-03-04,1414,0,-17.611391791502808,1.1891659782793553
2019-03-05,1312,0,-17.518206523562295,1.1854227070394556
2019-03-06,1908,0,-18.709502404712357,0.9831705901215378
2019-03-07,1331,0,-16.95653398839489,1.1209235336839853
2019-03-08,1220,0,-16.84243276580993,1.1759779668131622
2019-03-09,2460,0,-23.37125643668034,0.806505450318661
2019-03-10,1558,0,-20.17166879418629,1.0328280387079953
2019-03-11,1667,0,-18.866806549388528,1.0200466428726174
2019-03-12,2202,0,-23.2204821993621,0.8919932370399705
2019-03-13,1283,0,-20.186944349053718,1.2418619348045703
2019-03-14,1289,0,-20.52298193906585,1.2296143130028616
2019-03-15,1648,0,-25.41460839497981,1.0743352177960097
2019-03-16,2392,0,-27.030712598658766,0.9043797731821359
2019-03-17,1351,0,-22.492578653881047,1.2582671500334737
2019-03-18,1860,0,-18.470361159956013,0.9985837108103147
2019-03-19,2305,0,-16.082585979149798,0.8898599321063078
2019-03-20,2377,0,-15.911462141682858,0.8636237171522718
2019-03-21,2014,0,-14.357267525275086,0.9195296701464686
2019-03-22,2623,0,-17.771435488022302,0.8038734333580192
2019-03-23,1505,0,-14.933730422752383,1.1263858507751525
2019-03-24,2249,0,-17.80019309014109,0.9065992007485446
2019-03-25,3153,0,-12.757174196528448,0.7597319909245368
2019-03-26,3140,0,-13.617208580530349,0.7667287123842651
2019-03-27,3893,0,-18.255281273988537,0.6923068455673398
2019-03-28,3588,0,-16.58820123216551,0.7146919455985491
2019-03-29,3338,0,-18.466759759413808,0.7696375007668936
2019-03-30,2288,0,-17.519627774991413,0.9074350894216477
2019-03-31,2440,0,-14.73944431011654,0.9031964849046833
2019-04-01,3461,0,-13.572055543503431,0.7148866664888808
2019-04-02,4668,0,-27.867789041574042,0.611604543679041
2019-04-03,4440,0,-22.422327193095118,0.6336596589751816
2019-04-04,3617,0,-19.8297860798244,0.6977667600766001
2019-04-05,3647,0,-19.02521304253404,0.694113944900988
2019-04-06,2334,0,-21.278958317667996,0.9054037143400963
2019-04-07,2444,0,-18.33807630447575,0.8825190370329731
2019-04-08,3665,0,-20.11707801479103,0.6873754715395274
2019-04-09,3880,0,-18.99783750673823,0.6841856435730389
2019-04-10,3582,0,-18.182498392474624,0.7115022943766504
2019-04-11,3224,0,-18.34848344081547,0.784332241662452
2019-04-12,3318,0,-15.569868851149451,0.762706300213611
2019-04-13,2399,0,-17.082873649985984,0.9054398211343206
2019-04-14,2576,0,-14.480649635509076,0.8571764073135181
2019-04-15,3445,0,-16.432277717957458,0.7257410383125985
2019-04-16,3295,0,-14.0384830106768,0.7363260352989314
2019-04-17,3544,0,-11.859701600165637,0.7045182881067932
2019-04-18,2987,0,-14.035878244087455,0.7705863707543245
2019-04-19,2701,0,-17.064899043687674,0.8571785050801848
2019-04-20,2440,0,-20.573154311844345,0.8967662264532608
2019-04-21,2322,0,-17.049983625467306,0.9197087092837816
2019-04-22,3544,0,-16.99797467287268,0.7113569736704641
2019-04-23,3559,0,-15.394310325405177,0.7434807218675512
2019-04-24,3716,0,-17.128933794854962,0.7304463192883124
2019-04-25,3632,0,-18.06980427643656,0.7219892468465061
2019-04-26,3581,0,-12.797056209607952,0.7196899527185049
2019-04-27,2694,0,-16.621607951919508,0.8613987530843479
2019-04-28,2565,0,-16.073771172471265,0.8806417432145401
2019-04-29,3698,0,-15.062053436487233,0.6780760809915148
2019-04-30,3995,0,-19.425286340698534,0.670186664622168
2019-05-01,4314,0,-22.828801666842427,0.649504304813408
2019-05-02,5191,0,-29.746099434505723,0.5529415738527299
2019-05-03,4339,0,-26.053416453666273,0.6497971424872921
2019-05-04,3142,0,-27.214896418031557,0.7975881555284473
2019-05-05,4739,0,-22.908265075949686,0.5586589248999048
2019-05-06,6675,0,-22.478909005158858,0.4585816496870869
2019-05-07,6016,0,-23.72254021217073,0.5203486126372889
2019-05-08,6351,0,-21.743608805737594,0.4848675031293761
2019-05-09,6173,0,-22.387855886224134,0.4818932366966748
2019-05-10,9166,0,-24.80299224321385,0.3814946060375406
2019-05-11,5613,0,-25.507212520472635,0.5077464202387836
2019-05-12,5452,0,-25.079824432952545,0.5148997343892991
2019-05-13,11438,0,-26.58460236531689,0.3202338113469114
2019-05-14,9237,0,-25.21858908578636,0.37722249553694365
2019-05-15,6936,0,-20.827531757465742,0.45701692284636924
2019-05-16,5828,0,-22.62225435539329,0.503752573120214
2019-05-17,5213,0,-21.00374896281619,0.5414779310562309
2019-05-18,3657,0,-25.03192945842127,0.6747226706172665
2019-05-19,4471,0,-23.251538455839224,0.5720898964868897
2019-05-20,6154,0,-24.569311633895293,0.4896314745265308
2019-05-21,5890,0,-23.993678033365175,0.5010045609151805
2019-05-22,5315,0,-25.709996118996763,0.5538928029838531
2019-05-23,6149,0,-26.37982837655395,0.5046988105883522
2019-05-24,4608,0,-22.58339131774624,0.6084354929250007
2019-05-25,3438,0,-21.930194887543067,0.7236429484818664
2019-05-26,3520,0,-23.6550281536713,0.7170244667430966
2019-05-27,3838,0,-24.31447276188535,0.6949256314381871
2019-05-28,4906,0,-21.258984308212632,0.5653428150183171
2019-05-29,5133,0,-24.686494979434457,0.5705628476491227
2019-05-30,5283,0,-23.711894450416608,0.5474001113611999
2019-05-31,5404,0,-25.550054046411407,0.525966158207752
2019-06-01,4207,0,-26.974962431102167,0.6251637013443019
2019-06-02,4308,0,-26.380362369168292,0.6107613461162098
2019-06-03,5638,0,-22.823974431553214,0.5341732166438711
2019-06-04,5492,0,-28.921624005061663,0.5709286204529143
2019-06-05,5015,0,-22.410930396854408,0.5910386041072753
2019-06-06,4443,0,-21.20035316551135,0.6153909192048956
2019-06-07,4555,0,-21.06572476046576,0.5927277007747092
2019-06-08,3544,0,-22.420997854042998,0.6772970394092561
2019-06-09,3898,0,-28.635654963768754,0.663453825141299
2019-06-10,4637,0,-22.674535119323586,0.5889102926047866
2019-06-11,5048,0,-22.853870574114026,0.5526637920406055
2019-06-12,5094,0,-26.531003960689638,0.5821895114715423
2019-06-13,5013,0,-25.402506955692044,0.5769705688506144
2019-06-14,4051,0,-22.293621224798486,0.6370723119723737
2019-06-15,3054,0,-28.33891304181208,0.758676932668897
2019-06-16,2505,0,-26.994466228749943,0.8830186874677225
2019-06-17,4034,0,-23.628110447901133,0.6512948278985164
2019-06-18,4211,0,-22.27444562323527,0.6477940617286871
2019-06-19,3420,0,-18.853915227231706,0.7309472346265049
2019-06-20,1704,0,-17.75996168892656,1.0311790571315005
2019-06-21,1704,0,-18.94810467300877,1.0205941942504089
2019-06-22,1683,0,-19.98783819550018,1.0882305270250825
2019-06-23,1659,0,-19.32344703588976,1.0695513877732823
2019-06-24,1521,0,-20.017659328840498,1.0882036262403385
2019-06-25,3133,0,-20.67849063574066,0.7498648647967449
2019-06-26,3172,0,-18.370747731278023,0.7142645470993076
2019-06-27,3734,0,-18.89413834153638,0.6658882374913913
2019-06-28,2252,0,-16.815762444801276,0.8229470502009928
2019-06-29,2859,0,-19.958441006329934,0.726857966877484
2019-06-30,2609,0,-21.1288291408049,0.79487043748641
2019-07-01,5269,0,-21.335598233822477,0.5591377918472057
2019-07-02,5055,0,-22.021668185806487,0.5901634480539437
2019-07-03,5012,0,-23.37160990884089,0.6009717870826605
2019-07-04,3893,0,-19.9637391248825,0.6778766065180171
2019-07-05,3899,0,-19.954818479526708,0.6835027074394503
2019-07-06,3055,0,-21.542982830942847,0.7759314546511625
2019-07-07,3029,0,-17.293906012117027,0.7860557032596095
2019-07-08,3805,0,-17.896465974163558,0.6807925392449421
2019-07-09,4341,0,-20.640020553363726,0.6392030934753735
2019-07-10,4227,0,-21.656533577721586,0.6717990512828352
2019-07-11,4005,0,-25.24139049996429,0.6798266467814327
2019-07-12,3896,0,-23.35894609565487,0.6787884300178191
2019-07-13,2809,0,-23.624912222559065,0.8352078953278561
2019-07-14,3106,0,-18.747861913154168,0.7768659166979895
2019-07-15,5055,0,-20.73268286620627,0.5757340451071218
2019-07-16,4550,0,-22.234444745227663,0.6137901613886837
2019-07-17,4215,0,-18.740973589389547,0.6281156475712678
2019-07-18,3963,0,-18.111792427811185,0.6728151590609064
2019-07-19,3757,0,-18.73487945682392,0.692857710198529
2019-07-20,3040,0,-19.9528329005904,0.7733521142089763
2019-07-21,3400,0,-25.43516502129365,0.7181840795135794
2019-07-22,4312,0,-20.094272996764577,0.6540897414907871
2019-07-23,4838,0,-22.547744725314534,0.5863205702568663
2019-07-24,4094,0,-21.412238096478593,0.6453378719016376
2019-07-25,4167,0,-21.106573954451495,0.655969508187424
2019-07-26,4990,0,-22.884857324923363,0.577951083469784
2019-07-27,3336,0,-25.578707722417022,0.7535427603454571
2019-07-28,2989,0,-20.775607188253232,0.7937015030347787
2019-07-29,3971,0,-19.798569139493484,0.6694494339490757
2019-07-30,5494,0,-23.71918530092864,0.5569252015507213
2019-07-31,5249,0,-21.17875195986293,0.5518667979325731
2019-08-01,7430,0,-21.39295539300294,0.43087564487837815
2019-08-02,6512,0,-23.625445939740146,0.4745631593830334
2019-08-03,4904,0,-24.731356647776042,0.5671641550336977
2019-08-04,3355,0,-25.348478598972797,0.7337929034876572
2019-08-05,8656,0,-25.19405468733062,0.38627142315164775
2019-08-06,7778,0,-25.519848663893256,0.4230445498880164
2019-08-07,5721,0,-23.293470196055043,0.5088030654278071
2019-08-08,4993,0,-21.135527052063445,0.5788474874045428
2019-08-09,5008,0,-20.970163316682395,0.5699265114471161
2019-08-10,3671,0,-22.396654468944277,0.6752685637733393
2019-08-11,4014,0,-24.187941409826383,0.6685247057916167
2019-08-12,6113,0,-29.3893989395717,0.5167255706609758
2019-08-13,9374,0,-30.574366028149097,0.40486011905462815
2019-08-14,9119,0,-30.288698245640123,0.3995410424731801
2019-08-15,7786,0,-28.49655200313576,0.4398446276325694
2019-08-16,5838,0,-28.5952969498796,0.5310073186244575
2019-08-17,4385,0,-28.631114956158736,0.6401827606505345
2019-08-18,4879,0,-28.60866721233145,0.5976530407382473
2019-08-19,6511,0,-29.763428526062157,0.540868629562643
2019-08-20,6313,0,-29.559095434802796,0.5178873068260963
2019-08-21,6522,0,-27.22888208469284,0.48989961187432324
2019-08-22,5354,0,-26.092422660192977,0.5493921247417358
2019-08-23,12879,0,-30.94455580997209,0.3049486558358051
2019-08-24,8287,0,-32.16122729785539,0.4023925633820251
2019-08-25,7902,0,-27.963445912294542,0.41768696010575895
2019-08-26,10118,0,-21.906658241033817,0.3869299176539175
2019-08-27,8102,0,-24.715893510567753,0.44458046181949884
2019-08-28,7070,0,-24.349514008732875,0.4842037438812794
2019-08-29,6474,0,-21.65882840421637,0.49591577493352457
2019-08-30,6644,0,-26.38178814700759,0.49951819896464617
2019-08-31,5119,0,-27.38734645818725,0.5738955823971447
2019-09-01,5337,0,-27.751921312955822,0.5589970358275972
2019-09-02,5317,0,-26.34977448624535,0.5664125304950461
2019-09-03,6975,0,-28.1888345470453,0.48650631227057434
2019-09-04,6903,0,-26.254962376319636,0.49253979803608616
2019-09-05,5938,0,-21.495471781372856,0.5315359131737251
2019-09-06,5723,0,-23.295105103495057,0.5459677401126384
2019-09-07,3947,0,-23.31129131457136,0.6754556440568494
2019-09-08,4149,0,-24.377164818109627,0.6377031191820929
2019-09-09,5048,0,-22.017658872097133,0.5939549236416813
2019-09-10,4611,0,-18.86423822864016,0.6073026414148848
2019-09-11,5001,0,-21.684163927614613,0.5830454426555579
2019-09-12,5671,0,-23.09016072365566,0.5435217855015768
2019-09-13,4714,0,-21.52802072921211,0.6018845921353674
2019-09-14,3178,0,-23.441341779121753,0.7841783479063847
2019-09-15,3385,0,-24.30964381466688,0.7344301581859864
2019-09-16,4337,0,-21.714719955687585,0.6367799343261242
2019-09-17,4126,0,-19.51269162890582,0.6660116851729356
2019-09-18,4201,0,-19.605745214330867,0.6514779353948227
2019-09-19,4495,0,-21.12902782340823,0.6267661501398896
2019-09-20,5309,0,-22.468348789563006,0.5469091606553842
2019-09-21,4260,0,-26.19678132769232,0.6402811125020046
2019-09-22,4235,0,-25.854035450400602,0.6377500830729332
2019-09-23,6252,0,-26.72008616857103,0.5241651250133946
2019-09-24,6659,0,-27.998600600805933,0.5118886611407014
2019-09-25,5799,0,-28.111702704285936,0.5649239678622684
2019-09-26,4930,0,-26.278368587412825,0.6330233929613625
2019-09-27,5248,0,-24.895303229465334,0.5753794849088335
2019-09-28,4198,0,-28.68692382206346,0.678551333050082
2019-09-29,4366,0,-27.586825502776886,0.6721877140257219
2019-09-30,6381,0,-26.690555849303582,0.5520404257136924
2019-10-01,7499,0,-29.252748019334092,0.5178341599234156
2019-10-02,5429,0,-26.79189329813603,0.5979122913834733
2019-10-03,11345,0,-39.14742535261231,0.32845070304552015
2019-10-04,9688,0,-37.57201020160599,0.39055851031429645
2019-10-05,5970,0,-36.43916577478469,0.5261098428723523
2019-10-06,7244,0,-35.99646580698555,0.46539691126439686
2019-10-07,9564,0,-36.82370531696997,0.4108745604681253
2019-10-08,10881,0,-40.90675837590976,0.3825817231950437
2019-10-09,10941,0,-37.36422059725387,0.38674337707974804
2019-10-10,11697,0,-34.231746362201164,0.3834540643339971
2019-10-11,10382,0,-31.024235806247447,0.40952926127929773
2019-10-12,6734,0,-29.638728140412912,0.5108398394922318
2019-10-13,7070,0,-30.372929584487547,0.4688121398103213
2019-10-14,8354,0,-29.374406186554925,0.4371449722564201
2019-10-15,11057,0,-35.69512049059595,0.38698507008018046
2019-10-16,7379,0,-31.04576739152622,0.47577768687625027
2019-10-17,6706,0,-26.160947214822013,0.5104164954278457
2019-10-18,6352,0,-26.34927866860008,0.538110156709632
2019-10-19,4693,0,-27.548042220915946,0.6306300417761062
2019-10-20,4228,0,-26.64543807780418,0.6895902682575781
2019-10-21,5120,0,-23.47987848754886,0.6161476461311719
2019-10-22,5090,0,-24.623909198857795,0.621295414836212
2019-10-23,5918,0,-27.16581685263616,0.5567071801776459
2019-10-24,6197,0,-26.034510993598005,0.5280487809555058
2019-10-25,5511,0,-27.060447984384744,0.584121671538411
2019-10-26,3819,0,-25.321617748222124,0.7296797102260698
2019-10-27,3446,0,-23.123384726623676,0.755131119180734
2019-10-28,4841,0,-21.949333173233278,0.6324361251561966
2019-10-29,4642,0,-22.17469371822661,0.6242610037857637
2019-10-30,4525,0,-23.744125646574137,0.6435222495518016
2019-10-31,4692,0,-26.842474429371606,0.6140098895370837
2019-11-01,4533,0,-22.564326078918644,0.64965985997665
2019-11-02,3337,0,-24.17946954151262,0.7455699971170507
2019-11-03,3577,0,-24.019242844990334,0.745716613953807
2019-11-04,4633,0,-22.143717541996466,0.6633995666223899
2019-11-05,4626,0,-22.657906483553717,0.6383310976665885
2019-11-06,4726,0,-22.55896658893644,0.6333922095993946
2019-11-07,5497,0,-20.908956477842487,0.5714681701168657
2019-11-08,4932,0,-21.7935362332138,0.6102512274372074
2019-11-09,3276,0,-23.076338086094097,0.764534396541946
2019-11-10,3421,0,-21.845016384212578,0.7672693968339439
2019-11-11,4321,0,-20.61356306545102,0.6945177810597685
2019-11-12,4827,0,-22.213262222092336,0.6245969198836677
2019-11-13,4770,0,-21.525640573879386,0.5945709198761708
2019-11-14,4647,0,-22.360798288236346,0.634586580816131
2019-11-15,4082,0,-23.18628512347871,0.6871944759218107
2019-11-16,3967,0,-33.73279652401982,0.7617213668673619
2019-11-17,4791,0,-31.832036930351766,0.6395061847827263
2019-11-18,5419,0,-28.37044954046462,0.6005145612445776
2019-11-19,5040,0,-28.707064335919274,0.6110836913566726
2019-11-20,5635,0,-30.025052816249314,0.5807323878302426
2019-11-21,4926,0,-26.07508305291638,0.6218038668805578
2019-11-22,5275,0,-31.469124908465773,0.592751438984408
2019-11-23,4298,0,-31.26084572689128,0.6963904986954029
2019-11-24,4672,0,-35.52278954795662,0.6903153725481751
2019-11-25,5670,0,-32.057102694710245,0.5828254522551413
2019-11-26,4794,0,-26.971042205283325,0.6189457926746134
2019-11-27,5017,0,-28.377005871079632,0.6056471657369207
2019-11-28,4589,0,-31.86096809924301,0.6508548717689802
2019-11-29,4517,0,-29.590841226433717,0.6582649493394652
2019-11-30,3765,0,-28.415245982628466,0.7329934311386566
2019-12-01,4080,0,-27.010538243361133,0.7003753972264799
2019-12-02,5853,0,-26.589012604802253,0.5631706999098038
2019-12-03,6590,0,-25.70945722201686,0.5184223610524896
2019-12-04,5587,0,-28.01747462627782,0.5744947644716638
2019-12-05,4890,0,-25.787021551119437,0.6086277726113078
2019-12-06,4881,0,-24.718278109744315,0.6112428506823636
2019-12-07,3944,0,-25.687490916257,0.6805917715123728
2019-12-08,3454,0,-26.797996592860752,0.7453469441274507
2019-12-09,4494,0,-25.846151528288658,0.6417515050437056
2019-12-10,4915,0,-24.816407053117214,0.604053234912188
2019-12-11,4826,0,-26.460086846927076,0.6227369592529466
2019-12-12,6256,0,-21.335174357114077,0.4978444578689554
2019-12-13,6933,0,-20.333972723334135,0.4686295635777894
2019-12-14,4307,0,-26.698303428886376,0.6397964986799537
2019-12-15,4579,0,-29.365477592366908,0.6663130077603856
2019-12-16,4930,0,-22.025956061605946,0.613448941034007
2019-12-17,4488,0,-21.940453723295626,0.6409740569757815
2019-12-18,4600,0,-26.633453791233023,0.647472573929622
2019-12-19,4821,0,-27.118738926886365,0.6186540619154764
2019-12-20,4297,0,-23.47689677109055,0.6631389073002637
2019-12-21,3567,0,-31.753220114772933,0.7785102151457753
2019-12-22,3887,0,-28.723031741855426,0.7198726980024247
2019-12-23,4717,0,-25.377157329862754,0.645315088542732
2019-12-24,3947,0,-22.206963726314974,0.7359424929175814
2019-12-25,3123,0,-14.136727023021479,0.8355352275426041
2019-12-26,3957,0,-18.03855767064618,0.7297224310954729
2019-12-27,4157,0,-20.059707202809133,0.7131947115349333
2019-12-28,3655,0,-26.91961045662734,0.7558863778540318
2019-12-29,3481,0,-25.372871172451063,0.762362769038272
2019-12-30,4950,0,-25.12965655315772,0.6508289989145387
2019-12-31,5096,0,-22.236663125707334,0.6184858493359341
2020-01-01,3973,935,-22.50217751629254,0.7212760330139514
2020-01-02,5660,1297,-21.367975697177116,0.5662278261549726
2020-01-03,5827,1223,-24.196180567820928,0.5331178696685984
2020-01-04,5224,1089,-25.987700735136038,0.5910471420856477
2020-01-05,4764,1172,-24.165169928573444,0.616829017482914
2020-01-06,5209,1386,-20.04902623928983,0.5925717868034486
2020-01-07,6002,1436,-19.74697131465058,0.554504224338951
2020-01-08,4975,1788,-18.208653393657446,0.5998103088210834
2020-01-09,4775,1892,-16.00856532262035,0.6057591986905547
2020-01-10,4360,1990,-17.643503167684255,0.6434441165201743
2020-01-11,4158,1404,-20.73173009696199,0.6802935323803274
2020-01-12,4016,1323,-20.891149335118723,0.696621686489448
2020-01-13,5465,1561,-16.857756440923584,0.5608669009492354
2020-01-14,6435,1673,-17.87490801171302,0.5046895510144204
2020-01-15,10203,1741,-13.213985192495075,0.39487852806876794
2020-01-16,8070,1934,-16.163758172567626,0.4356940173564584
2020-01-17,5696,2546,-14.260116700300474,0.5277113433818703
2020-01-18,4487,1821,-17.823245362204048,0.610701165314135
2020-01-19,4694,1793,-16.68752572706258,0.601445992261967
2020-01-20,4723,3933,-15.561333566783182,0.5964008704899224
2020-01-21,5074,8098,-18.093970277869044,0.5404113975913941
2020-01-22,5681,8905,-20.088397192796016,0.5095873867240437
2020-01-23,5829,16886,-23.443668887598246,0.47976643414169773
2020-01-24,6437,25685,-18.13360021583285,0.46234746855877157
2020-01-25,5372,25846,-17.114325858772116,0.507237704102997
2020-01-26,4251,27825,-23.984176623586574,0.5244204373567594
2020-01-27,5028,26927,-22.465873948473885,0.4692737436410433
2020-01-28,5014,30060,-30.603543664771554,0.4804544673693601
2020-01-29,1667,38108,-25.516025814965072,0.7244878261709342
2020-01-30,1526,45266,-24.47121893297902,0.689633986823177
2020-01-31,1860,41045,-26.85995524325656,0.7336516726682233
2020-02-01,3232,23415,-25.120979208837767,0.5815130782256901
2020-02-02,3005,21357,-23.212911781740935,0.5991440772142398
2020-02-03,2639,23692,-21.021437456731377,0.6403766176163143
2020-02-04,2340,22736,-21.889702121094214,0.6462908478790103
2020-02-05,1997,20804,-18.419583791594764,0.6926389175228096
2020-02-06,2239,24274,-23.155929100273827,0.6732068719534346
2020-02-07,2530,24429,-25.36397218622571,0.6509886217600053
2020-02-08,2457,20986,-28.241166373065425,0.6661485912798155
2020-02-09,2240,20796,-28.424624142152062,0.6928300158911879
2020-02-10,3092,26638,-40.585384935662645,0.6022200739987685
2020-02-11,2478,25854,-30.617703770774195,0.697195087004208
2020-02-12,2229,22049,-28.398825269098783,0.7161543011167543
2020-02-13,1889,24230,-29.106811884826485,0.7177977569810274
2020-02-14,1480,21731,-24.99729413985215,0.8180077536842393
2020-02-15,1688,17976,-24.995350360407727,0.7803341910416509
2020-02-16,1653,19082,-28.26186567512792,0.7875378143662922
2020-02-17,1717,23082,-31.68867598804461,0.8330337244569681
2020-02-18,1930,24717,-27.235587418781233,0.684606115063021
2020-02-19,2333,22597,-29.022894973464226,0.6616600397407245
2020-02-20,1429,19775,-23.45782492747563,0.9173519521010235
2020-02-21,1898,20895,-24.34153540540562,0.7527947683458868
2020-02-22,2366,15937,-25.71584578586059,0.7055622218784435
2020-02-23,3873,11683,-28.21450390790501,0.5732201828402249
2020-02-24,3286,24425,-25.995481928209436,0.5670266310048032
2020-02-25,3934,31713,-29.006715483462703,0.47168009164765146
2020-02-26,3154,39467,-26.106396291472926,0.49514678506340454
2020-02-27,2831,44793,-24.859643844224106,0.4896830780519407
2020-02-28,2640,49559,-26.504653719091607,0.5006923496049338
2020-02-29,837,46464,-23.617240787230006,0.9808365017222693
2020-03-01,1383,40367,-26.245810907245886,0.7877125053653153
2020-03-02,2798,36333,-25.6888243918976,0.5280620506331846
2020-03-03,989,44306,-24.926953905750963,0.9727344925565244
2020-03-04,1374,39781,-24.773616795814092,0.8011151689960083
2020-03-05,2765,34054,-25.16413898045372,0.5665428888642662
2020-03-06,2600,37588,-24.478521853653533,0.5715618308344701
2020-03-07,2445,34075,-26.523324025546152,0.5905977472101747
2020-03-08,2218,33515,-27.27083830836934,0.6146672489630731
2020-03-09,2727,49542,-25.882276208020688,0.48111196228601083
2020-03-10,2830,49640,-24.672550369307352,0.48404997905441144
2020-03-11,3824,53843,-26.630627707879768,0.4048187304807757
2020-03-12,3749,64209,-31.452581268583547,0.3629922082782811
2020-03-13,3637,63984,-33.50049599442655,0.395984356687285
2020-03-14,3141,53503,-29.017890340325465,0.4367905597487086
2020-03-15,3031,53712,-30.32410485072039,0.43648698272248665
2020-03-16,3091,63444,-30.58171838103837,0.4238948657674049
2020-03-17,4701,59995,-39.34940663572022,0.3447955216079799
2020-03-18,6115,59677,-41.11040823364709,0.28733144529880317
2020-03-19,8290,47955,-39.14019767308193,0.27962434722465834
2020-03-20,7803,36879,-39.571624656176596,0.32431685081147654
2020-03-21,9716,15004,-40.52865939226136,0.33792070967036
2020-03-22,9880,12083,-40.956583506479284,0.3489647986638865
2020-03-23,8686,12196,-36.72330113147358,0.3779553769298724
2020-03-24,8415,9586,-32.96534228992697,0.39853750677886396
2020-03-25,8257,9526,-34.353686305167756,0.40960269940284627
2020-03-26,10137,11563,-36.172653765102474,0.3533549478338928
2020-03-27,9307,10976,-37.110008331186805,0.37269704070059023
2020-03-28,8029,8395,-36.76600393057601,0.40822164155200885
2020-03-29,10067,10950,-39.19607773803945,0.34000156336078535
2020-03-30,9463,10415,-36.93991155359729,0.3692177872910071
2020-03-31,9702,10537,-37.11758167615008,0.3602933490854804
2020-04-01,10357,13287,-42.10676094450389,0.32900518797449435
2020-04-02,10524,11124,-37.973917528436694,0.3392978723085253
2020-04-03,9235,9510,-36.796839492845976,0.3710711286105772
2020-04-04,8986,9646,-37.36486668456385,0.38295688216042173
2020-04-05,8282,9442,-37.49218595128062,0.39749766491941685
2020-04-06,8154,8926,-37.367644089576295,0.39702720482971443
2020-04-07,9741,11161,-39.177824168868476,0.3502176309969746
2020-04-08,8841,9899,-39.073581186390186,0.37603447092161546
2020-04-09,8647,9039,-35.46069784790538,0.3857161196798045
2020-04-10,8964,8668,-36.83122724070965,0.3751305097890588
2020-04-11,7757,8038,-37.99905569376789,0.40650603546847386
2020-04-12,7753,8155,-38.39385822953278,0.4050786677916586
2020-04-13,8525,10007,-36.17563666481284,0.37816054022449186
2020-04-14,9911,10273,-38.44191445441643,0.3515133936989737
2020-04-15,10567,12288,-41.64982337617884,0.32213846710714256
2020-04-16,9429,12203,-37.94054013584402,0.3503813082936053
2020-04-17,9447,10462,-37.74738379674869,0.36153166283220894
2020-04-18,9027,8236,-40.28470931509223,0.370693407397806
2020-04-19,9766,8569,-40.36229512853753,0.3422065006023847
2020-04-20,9564,7339,-37.115165735401725,0.36623765648152146
2020-04-21,8063,6766,-37.679046098897636,0.40512328873358966
2020-04-22,8360,7110,-36.87787857969004,0.4007068484650003
2020-04-23,4639,4651,-36.70017706293259,0.559103853743342
2020-04-24,8915,5396,-32.878234960357844,0.38064825971582755
2020-04-25,7674,4796,-34.95400783261583,0.411243402816887
2020-04-26,7711,5253,-36.51039444155811,0.42239242018254325
2020-04-27,7707,6758,-36.870328927753235,0.41273772069360914
2020-04-28,7523,5717,-35.44270723671591,0.42528050309743787
2020-04-29,7714,5521,-34.73240238944419,0.42634102175306293
2020-04-30,8176,5718,-37.54740601182536,0.4104486094272903
2020-05-01,7284,5138,-35.98572625578083,0.44371187587267075
2020-05-02,5628,4747,-36.69430548442147,0.5142335992033613
2020-05-03,6873,6143,-39.49418301215929,0.44496382543860796
2020-05-04,8694,8601,-40.45586951903168,0.3793357480421497
2020-05-05,7747,7158,-37.59232231897405,0.42166102812708883
2020-05-06,7351,5123,-37.230606371907356,0.4402230915384297
2020-05-07,6845,4677,-35.20632207661499,0.4643833992101927
2020-05-08,6409,5378,-31.070150737376363,0.4871612249692841
2020-05-09,5432,3897,-32.06743217863487,0.526663032272472
2020-05-10,5668,5049,-34.71456404045102,0.497290395665553
2020-05-11,8563,6891,-32.725422012177695,0.3856681342905192
2020-05-12,8872,5957,-35.545168640047194,0.38355999965889914
2020-05-13,3573,3553,-34.8611386727359,0.6567441110206349
2020-05-14,7542,4715,-33.292549475345446,0.43113048034379986
2020-05-15,7273,4438,-33.90083152990135,0.43687114320746806
2020-05-16,6231,3703,-35.776609709773,0.4692976179049254
2020-05-17,6475,4231,-34.14539981216302,0.4531052553891456
2020-05-18,6994,5254,-32.76211983372917,0.4592338972032228
2020-05-19,6742,4845,-33.13707239258202,0.44888785993458097
2020-05-20,7403,5244,-35.13276857391026,0.44370817295233755
2020-05-21,7918,5264,-36.44054613722712,0.41664230544081915
2020-05-22,7035,3699,-33.7152669175576,0.43942682830391283
2020-05-23,5628,3038,-34.91335271201058,0.5004527666915557
2020-05-24,6234,3668,-37.85762845615395,0.4734942135794928
2020-05-25,6536,4264,-36.56566635762104,0.46849974030879593
2020-05-26,7005,4664,-34.713137728682185,0.4441371897372187
2020-05-27,8401,3317,-37.99612237403113,0.4046887911417731
2020-05-28,8668,3357,-37.13785933537523,0.4084185431363744
2020-05-29,10110,4023,-38.55544213924246,0.3650062262768007
2020-05-30,5632,2420,-38.461477327829044,0.5148369310734707
2020-05-31,4918,1499,-37.949518128455004,0.5684056241690024
2020-06-01,7106,2008,-36.51600474317516,0.4600724157358957
2020-06-02,6185,2140,-35.571904002265946,0.5148747030578527
2020-06-03,6971,2033,-32.16721181123051,0.46461933849939696
2020-06-04,7090,1935,-36.71495082898409,0.4746398864398237
2020-06-05,6010,1842,-33.75732102229983,0.520209928060071
2020-06-06,4630,2740,-35.73068291147578,0.5912810953032466
2020-06-07,4211,3253,-35.02502166059941,0.6339869660836547
2020-06-08,4191,3907,-27.228659333944282,0.6284786294127367
2020-06-09,4546,5009,-30.700871489946312,0.5815232869495841
2020-06-10,3876,4123,-30.64259495456476,0.6459392175762728
2020-06-11,4519,3604,-32.092019771953964,0.6018387846014643
2020-06-12,5065,3085,-34.08140206973096,0.570608064983096
2020-06-13,3967,4464,-32.32333651710094,0.6319310296949819
2020-06-14,3432,4934,-30.178444067574496,0.6892552074564705
2020-06-15,4530,5358,-28.29953673596972,0.5938898352036792
2020-06-16,6677,6063,-28.29846540030759,0.4415664663919166
2020-06-17,8505,7120,-36.855048142691054,0.3740703209851829
2020-06-18,7385,5250,-36.0064402798843,0.425960592624354
2020-06-19,6067,3871,-34.983771703030946,0.4787689396221015
2020-06-20,4977,2971,-35.771450772709315,0.5463511735224309
2020-06-21,5351,8514,-38.55471199647521,0.4947409905377149
2020-06-22,7016,4914,-32.89216575841885,0.44482550022125095
2020-06-23,6038,5441,-30.929530033891815,0.49473292828330184
2020-06-24,6056,3938,-33.667681058458875,0.4979699886867263
2020-06-25,5407,5361,-31.950470713451335,0.5231834747246842
2020-06-26,5415,4600,-31.47395381480106,0.520338352295485
2020-06-27,4443,3186,-35.30499298470035,0.6190051757552306
2020-06-28,4387,4097,-34.293178238346925,0.6082625144495057
2020-06-29,6654,6339,-35.357143873075216,0.46904113394942515
